{
    "1": {
        "w_B": 0.7459815014595679,
        "w_S": 1.9720143955067433
    },
    "2": {
        "w_B": 0.6924706941578916,
        "w_S": 0.6938375924882468
    },
    "3": {
        "w_B": 0.7376989445486353,
        "w_S": 0.9112037949934623
    }
}