{
    "1": {
        "w_B": 0.7482629514074834,
        "w_S": 2.59006658837041
    },
    "2": {
        "w_B": 0.6988224937080391,
        "w_S": 0.6814278603206007
    },
    "3": {
        "w_B": 0.7278974390317545,
        "w_S": 1.169128001952749
    }
}