{
    "1": {
        "w_B": 0.6970402394413037,
        "w_S": 1.8426373626373627
    },
    "2": {
        "w_B": 0.6855791962174941,
        "w_S": 0.6869324911172523
    },
    "3": {
        "w_B": 0.689081225033289,
        "w_S": 0.8511513157894737
    }
}