{
    "1": {
        "w_B": 0.691311924321633,
        "w_S": 2.392934080137872
    },
    "2": {
        "w_B": 0.6807131280388979,
        "w_S": 0.6637692611615962
    },
    "3": {
        "w_B": 0.6916076845298281,
        "w_S": 1.1108404384896469
    }
}